{"cameraMode":{"drawMode":0,"name":"Shaded","section":"Shading Mode"},"sceneLighting":false,"audioPlay":false,"sceneViewState":{"m_AlwaysRefresh":false,"showFog":true,"showSkybox":false,"showFlares":true,"showImageEffects":true,"showParticleSystems":true,"showVisualEffectGraphs":true,"m_FxEnabled":true},"in2DMode":false,"pivot":{"x":-0.32346296310424807,"y":1.0000054836273194,"z":1.6749897003173829},"rotation":{"x":0.29833659529685976,"y":-0.017179086804389955,"z":0.005370643455535173,"w":0.9542909860610962},"size":8.306645393371582,"orthographic":false}