{"cameraMode":{"drawMode":0,"name":"Shaded","section":"Shading Mode"},"sceneLighting":false,"audioPlay":false,"sceneViewState":{"m_AlwaysRefresh":false,"showFog":true,"showSkybox":false,"showFlares":true,"showImageEffects":true,"showParticleSystems":true,"showVisualEffectGraphs":true,"m_FxEnabled":true},"in2DMode":false,"pivot":{"x":-0.048534661531448367,"y":3.95747709274292,"z":-1.5580980777740479},"rotation":{"x":0.21430493891239167,"y":-0.013185813091695309,"z":0.0028931780252605678,"w":0.9766740798950195},"size":5.3936920166015629,"orthographic":false}