{"cameraMode":{"drawMode":0,"name":"Shaded","section":"Shading Mode"},"sceneLighting":false,"audioPlay":false,"sceneViewState":{"m_AlwaysRefresh":false,"showFog":true,"showSkybox":false,"showFlares":true,"showImageEffects":true,"showParticleSystems":true,"showVisualEffectGraphs":true,"m_FxEnabled":true},"in2DMode":false,"pivot":{"x":0.6338039040565491,"y":-1.8195199966430665,"z":-1.9643096923828126},"rotation":{"x":0.2998158931732178,"y":-0.0014309887774288655,"z":0.0004497275222092867,"w":0.9539962410926819},"size":7.575850009918213,"orthographic":false}