{"cameraMode":{"drawMode":0,"name":"Shaded","section":"Shading Mode"},"sceneLighting":false,"audioPlay":false,"sceneViewState":{"m_AlwaysRefresh":false,"showFog":true,"showSkybox":false,"showFlares":true,"showImageEffects":true,"showParticleSystems":true,"showVisualEffectGraphs":true,"m_FxEnabled":true},"in2DMode":false,"pivot":{"x":-3.2687792778015138,"y":-16.9316349029541,"z":16.867008209228517},"rotation":{"x":0.30383917689323428,"y":-0.039999257773160937,"z":0.012769754976034165,"w":0.9518012404441834},"size":16.427265167236329,"orthographic":false}