{"cameraMode":{"drawMode":0,"name":"Shaded","section":"Shading Mode"},"sceneLighting":false,"audioPlay":false,"sceneViewState":{"m_AlwaysRefresh":false,"showFog":true,"showSkybox":false,"showFlares":true,"showImageEffects":true,"showParticleSystems":true,"showVisualEffectGraphs":true,"m_FxEnabled":true},"in2DMode":false,"pivot":{"x":2.384185791015625e-7,"y":0.9690823554992676,"z":-0.03043469786643982},"rotation":{"x":0.2143241912126541,"y":0.001465153880417347,"z":-0.00032147904857993126,"w":0.9767627120018005},"size":1.4456323385238648,"orthographic":false}